[{"names":"Kevin Marquez","anniversarydate":"2003-04-12","anniversarytype":"birthday","description":"Turned 20","email":"kev.marquez55@gmail.com","phone":"226-268-1168","address":{"streetaddress":"153 Jill Blvd","municipality":"London","province":"ON","postalcode":"N6R 2B1"}},{"names":"April Marquez","anniversarydate":"2017-06-17","anniversarytype":"graduation","description":"Graduated from Western Uni","email":"april95@gmail.com","phone":"519-476-8596","address":{"streetaddress":"35 Barn Rd","municipality":"London","province":"ON","postalcode":"N6B 3M5"}},{"names":"Giddel Marquez","anniversarydate":"1998-10-28","anniversarytype":"wedding","description":"Married Silvio","email":"navar.gid@hotmail.com","phone":"519-701-6877","address":{"streetaddress":"251 Hill Dr","municipality":"London","province":"ON","postalcode":"N6S 4B9"}},{"names":"Silvio Marquez","anniversarydate":"1990-03-20","anniversarytype":"other","description":"Arrived to Canada","email":"silvioJ32@hotmail.com","phone":"519-876-2389","address":{"streetaddress":"67 Dundas Pl","municipality":"London","province":"ON","postalcode":"N6I 5M7"}},{"names":"Clark Kent","anniversarydate":"1992-11-18","anniversarytype":"death","description":"Doomsday","email":"clarkKen43@gmail.com","phone":"123-456-7890","address":{"streetaddress":"344 Clinton St","municipality":"Metropolis","province":"QC","postalcode":"N6I 6Y2"}}]