{
  "$schema": "http://json-schema.org/draft-07/schema",
  "title": "JSON Schema for my Anniversary JSON file format",

  "type": "object",
  "required": [ "names", "anniversarydate", "anniversarytype" ],
  "additionalProperties": false,

  "properties": {
    "names": {
      "type": "string",
      "description": "The name or names of the celebrant(s) (i.e. the person/people celebrating the anniversary)"
    },
    "anniversarydate": {
      "type": "string",
      "description": "The original date of the anniversary event",
      "format": "date"
    },
    "anniversarytype": {
      "type": "string",
      "description": "Explains what type of anniversary it is",
      "enum": [ "birthday", "death", "graduation", "wedding", "other" ]
    },
    "description": {
      "type": "string",
      "description": "An optional description of the anniversary"
    },
    "email": {
      "type": "string",
      "description": "An email address for the celebrant(s)",
      "format": "email"
    },
    "phone": {
      "type": "string",
      "description": "A phone number to contact the celebrant(s)",
      "pattern": "^(([0-9]{3}))-[0-9]{3}-[0-9]{4}$"
    },
    "address": {
      "type": "object",
      "description": "A mailing address to contact the celebrant(s).",
      "properties": {
        "streetaddress": {
          "type": "string",
          "description": "An address such as e.g. 130 Dundas St."
        },
        "municipality": {
          "type": "string",
          "description": "A municipality such as e.g. London"
        },
        "province": {
          "type": "string",
          "description": "A 2-character abbreviation for the province of residence",
          "enum": [ "AB", "BC", "MN", "NB", "NL", "NS", "NT", "NU", "ON", "PE", "QC", "SK", "YT" ]
        },
        "postalcode": {
          "type": "string",
          "description": "A Canadian postal code",
          "pattern": "^(([A-Z][0-9][A-Z]) ([0-9][A-Z][0-9]))$"
        }
      }
    }
  }
}

