[
  {
    "catchRate": 190,
    "name": "Pikachu",
    "pokedex": 25,
    "type": "Electric"
  },
  {
    "catchRate": 45,
    "name": "Bulbasaur",
    "pokedex": 1,
    "type": "Grass"
  },
  {
    "catchRate": 45,
    "name": "Squirtle",
    "pokedex": 7,
    "type": "Water"
  },
  {
    "catchRate": 45,
    "name": "Charmander",
    "pokedex": 4,
    "type": "Fire"
  },
  {
    "catchRate": 45,
    "name": "Butterfree",
    "pokedex": 12,
    "type": "Bug"
  },
  {
    "catchRate": 255,
    "name": "Pidgey",
    "pokedex": 16,
    "type": "Flying"
  },
  {
    "catchRate": 255,
    "name": "Meowth",
    "pokedex": 52,
    "type": "Normal"
  }
]